{
    "BModel": {
        "Version": "1.10.1822.1",
        "Scene": {
            "Name": true,
            "SupportShaderSelect": true
        },
        "Export Directory": "C:/Users/User/Documents",
        "Object": {
            "BModel": {
                "Generation": "AccuRig",
                "Physics": {},
                "Meshes": {
                    "Batman_Body_Skin_DS_1": {
                        "Materials": {
                            "Batman_V3_Body_MIC": {
                                "Material Type": "Pbr",
                                "MultiUV Index": 0,
                                "Two Side": true,
                                "Diffuse Color": [
                                    149.94000244140626,
                                    149.94000244140626,
                                    149.94000244140626
                                ],
                                "Ambient Color": [
                                    149.94000244140626,
                                    149.94000244140626,
                                    149.94000244140626
                                ],
                                "Specular Color": [
                                    229.5,
                                    229.5,
                                    229.5
                                ],
                                "Opacity": 1.0,
                                "Self Illumination": 0.0,
                                "Textures": {}
                            },
                            "Batman_V3_Head_MIC": {
                                "Material Type": "Pbr",
                                "MultiUV Index": 0,
                                "Two Side": true,
                                "Diffuse Color": [
                                    149.94000244140626,
                                    149.94000244140626,
                                    149.94000244140626
                                ],
                                "Ambient Color": [
                                    149.94000244140626,
                                    149.94000244140626,
                                    149.94000244140626
                                ],
                                "Specular Color": [
                                    229.5,
                                    229.5,
                                    229.5
                                ],
                                "Opacity": 1.0,
                                "Self Illumination": 0.0,
                                "Textures": {}
                            }
                        }
                    },
                    "Batman_Head_Skin_DS_1": {
                        "Materials": {
                            "Batman_Masked_DS_1_MIC": {
                                "Material Type": "Pbr",
                                "MultiUV Index": 0,
                                "Two Side": true,
                                "Diffuse Color": [
                                    149.94000244140626,
                                    149.94000244140626,
                                    149.94000244140626
                                ],
                                "Ambient Color": [
                                    149.94000244140626,
                                    149.94000244140626,
                                    149.94000244140626
                                ],
                                "Specular Color": [
                                    229.5,
                                    229.5,
                                    229.5
                                ],
                                "Opacity": 1.0,
                                "Self Illumination": 0.0,
                                "Textures": {}
                            },
                            "Batman_V3_Eyes_MIC": {
                                "Material Type": "Pbr",
                                "MultiUV Index": 0,
                                "Two Side": true,
                                "Diffuse Color": [
                                    149.94000244140626,
                                    149.94000244140626,
                                    149.94000244140626
                                ],
                                "Ambient Color": [
                                    149.94000244140626,
                                    149.94000244140626,
                                    149.94000244140626
                                ],
                                "Specular Color": [
                                    229.5,
                                    229.5,
                                    229.5
                                ],
                                "Opacity": 1.0,
                                "Self Illumination": 0.0,
                                "Textures": {}
                            },
                            "Batman_V3_Head_MIC_00": {
                                "Material Type": "Pbr",
                                "MultiUV Index": 0,
                                "Two Side": true,
                                "Diffuse Color": [
                                    149.94000244140626,
                                    149.94000244140626,
                                    149.94000244140626
                                ],
                                "Ambient Color": [
                                    149.94000244140626,
                                    149.94000244140626,
                                    149.94000244140626
                                ],
                                "Specular Color": [
                                    229.5,
                                    229.5,
                                    229.5
                                ],
                                "Opacity": 1.0,
                                "Self Illumination": 0.0,
                                "Textures": {}
                            }
                        }
                    },
                    "Cape_Mesh": {
                        "Materials": {
                            "BM_Cape_DS_0_1_MIC": {
                                "Material Type": "Pbr",
                                "MultiUV Index": 0,
                                "Two Side": true,
                                "Diffuse Color": [
                                    149.94000244140626,
                                    149.94000244140626,
                                    149.94000244140626
                                ],
                                "Ambient Color": [
                                    149.94000244140626,
                                    149.94000244140626,
                                    149.94000244140626
                                ],
                                "Specular Color": [
                                    229.5,
                                    229.5,
                                    229.5
                                ],
                                "Opacity": 1.0,
                                "Self Illumination": 0.0,
                                "Textures": {}
                            }
                        }
                    }
                }
            }
        }
    }
}